Day,C6H8O7,Sc,Fe,C2H2O4,Al,Ca,Ti,C6H12O7,Y
0,22612.0142,0.0310175,10.9885,1196.2029,166.37,158.985,14.702,372.0542,0.003402
1,22812.1315,0.505,38.41425,1184.1033,214.3975,265.4675,54.046,362.7756,0.11265
2,23178.7002,0.35515,65.84,1197.9573,262.425,371.95,93.39,389.5413,0.1349
3,23051.194,0.19065,69.75,1224.6091,265.125,399.0625,100.97,403.76,0.1877
4,22930.4781,0.11805,73.66,1259.9626,267.825,426.175,108.55,413.9065,0.19305
8,28736.3901,0.0376825,84.90125,1514.0822,289.28125,355.19625,111,511.2269,0.0105245
10,31628.3047,0.0229125,107.38375,1937.2807,332.19375,213.23875,115.9,283.0639,0.0005
14,21412.0074,0.02342,118.625,2450.0641,353.65,142.26,118.35,74.4753,0.0005
16,14274.1897,0.021695,125,2700.546,375.10625,71.28125,120.8,88.6868,0.0005
